,Open,High,Low,Close,Volume,Dividends,Stock Splits
2021-04-19 06:00:00+01:00,527.953125,529.1444702148438,521.5425415039062,524.4384765625,0,0,0
2021-04-19 07:00:00+01:00,523.7781372070312,537.7369384765625,523.7781372070312,537.7369384765625,90106880,0,0
2021-04-19 08:00:00+01:00,537.973388671875,539.7112426757812,530.3338012695312,534.5767211914062,0,0,0
2021-04-19 09:00:00+01:00,533.7037963867188,535.8097534179688,523.1144409179688,525.300537109375,0,0,0
2021-04-19 10:00:00+01:00,524.1593627929688,529.2521362304688,521.0708618164062,523.6114501953125,0,0,0
2021-04-19 11:00:00+01:00,522.7529296875,522.9104614257812,505.8584289550781,513.969970703125,20856320,0,0
2021-04-19 12:00:00+01:00,514.546142578125,530.1524658203125,514.546142578125,530.1524658203125,82345472,0,0
2021-04-19 13:00:00+01:00,530.3624267578125,530.3624267578125,514.6156616210938,514.6156616210938,0,0,0
2021-04-19 14:00:00+01:00,513.6734619140625,523.3181762695312,508.6332702636719,522.5803833007812,185090560,0,0
2021-04-19 15:00:00+01:00,520.9915771484375,520.9915771484375,490.0863342285156,498.1473693847656,57606144,0,0
2021-04-19 16:00:00+01:00,497.9524230957031,497.9524230957031,479.37744140625,485.8736877441406,71433216,0,0
2021-04-19 17:00:00+01:00,483.9343566894531,504.3407897949219,481.82196044921875,490.7886047363281,181980672,0,0
2021-04-19 18:00:00+01:00,490.8553161621094,502.2037353515625,487.64007568359375,501.1767578125,152100352,0,0
2021-04-19 19:00:00+01:00,501.1669921875,508.7912292480469,499.7265930175781,504.90130615234375,92739072,0,0
2021-04-19 20:00:00+01:00,504.6985778808594,509.11859130859375,497.56170654296875,504.32183837890625,40008704,0,0
2021-04-19 21:00:00+01:00,504.7545471191406,514.372802734375,500.7542724609375,510.8527526855469,114674176,0,0
2021-04-19 22:00:00+01:00,512.7631225585938,516.6126098632812,504.64923095703125,511.55755615234375,38881792,0,0
2021-04-19 23:00:00+01:00,511.8088073730469,516.9244995117188,506.7516784667969,512.2587280273438,26619904,0,0
2021-04-20 00:00:00+01:00,509.8304748535156,511.84564208984375,500.79833984375,505.0929260253906,0,0,0
2021-04-20 01:00:00+01:00,503.795166015625,506.8071594238281,475.59039306640625,475.59039306640625,0,0,0
2021-04-20 02:00:00+01:00,480.67462158203125,492.1058044433594,480.67462158203125,488.1689147949219,27770368,0,0
2021-04-20 03:00:00+01:00,487.32635498046875,487.5711975097656,486.560546875,487.2881164550781,0,0,0
2021-04-20 04:00:00+01:00,487.28826904296875,489.7221374511719,485.6655578613281,488.757080078125,0,0,0
2021-04-20 05:00:00+01:00,488.8484802246094,507.38006591796875,488.51959228515625,505.73834228515625,4013686272,0,0
2021-04-20 06:00:00+01:00,507.2285461425781,511.1230773925781,496.3466796875,498.5874938964844,0,0,0
2021-04-20 07:00:00+01:00,499.4774169921875,503.64739990234375,475.8593444824219,477.8864440917969,0,0,0
2021-04-20 08:00:00+01:00,480.9054260253906,493.3369140625,478.4821472167969,492.84552001953125,212205568,0,0
2021-04-20 09:00:00+01:00,493.58746337890625,502.7430419921875,493.58746337890625,500.2352294921875,116334592,0,0
2021-04-20 10:00:00+01:00,501.3338623046875,505.76995849609375,498.4028625488281,498.9833984375,1626112,0,0
2021-04-20 11:00:00+01:00,498.708251953125,519.9078979492188,498.708251953125,518.184814453125,236791808,0,0
2021-04-20 12:00:00+01:00,517.1524047851562,529.005615234375,511.84765625,526.8883056640625,273377792,0,0
2021-04-20 13:00:00+01:00,527.125,527.125,516.507080078125,524.0231323242188,51320320,0,0
2021-04-20 14:00:00+01:00,522.9868774414062,540.7255859375,522.9868774414062,537.06298828125,310610432,0,0
2021-04-20 15:00:00+01:00,536.4215698242188,538.5789794921875,519.9202270507812,524.6633911132812,0,0,0
2021-04-20 16:00:00+01:00,524.278564453125,533.2177124023438,518.878173828125,533.2177124023438,0,0,0
2021-04-20 17:00:00+01:00,533.116455078125,548.3153686523438,528.023681640625,548.3153686523438,192518656,0,0
2021-04-20 18:00:00+01:00,548.384765625,551.7275390625,540.6480712890625,551.7275390625,180549632,0,0
2021-04-20 19:00:00+01:00,550.6385498046875,566.09228515625,547.7991943359375,559.7893676757812,443675136,0,0
2021-04-20 20:00:00+01:00,559.6144409179688,586.872314453125,559.535888671875,586.872314453125,812470784,0,0
2021-04-20 21:00:00+01:00,587.0543823242188,588.0648193359375,571.52001953125,572.8980102539062,159608832,0,0
2021-04-20 22:00:00+01:00,571.1779174804688,574.6317138671875,554.7149658203125,574.6317138671875,226954240,0,0
2021-04-20 23:00:00+01:00,574.7802734375,574.85693359375,562.5851440429688,567.6715698242188,0,0,0
2021-04-21 00:00:00+01:00,567.821044921875,587.3602294921875,567.821044921875,587.0291137695312,394476544,0,0
2021-04-21 01:00:00+01:00,586.9011840820312,598.9549560546875,577.18310546875,577.18310546875,37132288,0,0
2021-04-21 02:00:00+01:00,578.5567626953125,597.147216796875,574.6101684570312,592.63525390625,343950336,0,0
2021-04-21 03:00:00+01:00,591.2713012695312,597.546875,586.1533813476562,593.6546020507812,280012800,0,0
2021-04-21 04:00:00+01:00,592.2055053710938,594.4677734375,580.33837890625,581.8119506835938,121458688,0,0
2021-04-21 05:00:00+01:00,580.8162231445312,594.7896728515625,579.160888671875,594.0040893554688,355582976,0,0
2021-04-21 06:00:00+01:00,592.8038330078125,593.1014404296875,583.4805908203125,588.8882446289062,10533888,0,0
2021-04-21 07:00:00+01:00,590.4043579101562,612.6870727539062,584.9722290039062,603.9296875,575114240,0,0
2021-04-21 08:00:00+01:00,606.098876953125,607.1668701171875,593.0416870117188,593.0416870117188,0,0,0
2021-04-21 09:00:00+01:00,593.4273071289062,596.1351318359375,580.2924194335938,591.23583984375,91077632,0,0
2021-04-21 10:00:00+01:00,590.4732666015625,595.1244506835938,586.4150390625,589.3836669921875,0,0,0
2021-04-21 11:00:00+01:00,589.3980102539062,589.3980102539062,563.547119140625,570.2138671875,0,0,0
2021-04-21 12:00:00+01:00,570.0442504882812,575.2975463867188,556.0300903320312,566.7680053710938,0,0,0
2021-04-21 13:00:00+01:00,565.3182983398438,587.7194213867188,557.9409790039062,587.7194213867188,439906304,0,0
2021-04-21 14:00:00+01:00,586.8388671875,591.8181762695312,580.8362426757812,581.0585327148438,0,0,0
2021-04-21 15:00:00+01:00,582.8460083007812,587.7328491210938,571.3121337890625,583.7033081054688,0,0,0
2021-04-21 16:00:00+01:00,583.4739990234375,584.0755004882812,572.2620239257812,582.1777954101562,0,0,0
2021-04-21 17:00:00+01:00,582.3795776367188,588.6181640625,577.5848999023438,577.8086547851562,0,0,0
2021-04-21 18:00:00+01:00,578.9077758789062,580.3334350585938,571.3526000976562,574.2970581054688,0,0,0
2021-04-21 19:00:00+01:00,573.8894653320312,577.2005004882812,567.0423583984375,570.5489501953125,0,0,0
2021-04-21 20:00:00+01:00,569.9015502929688,578.8524780273438,569.9015502929688,577.4951782226562,0,0,0
2021-04-21 21:00:00+01:00,576.754638671875,576.754638671875,558.1958618164062,563.5802612304688,0,0,0
2021-04-21 22:00:00+01:00,563.6104736328125,566.03955078125,556.7299194335938,559.3988037109375,0,0,0
2021-04-21 23:00:00+01:00,557.888427734375,567.6539916992188,543.0720825195312,546.7181396484375,0,0,0
2021-04-22 00:00:00+01:00,547.7221069335938,553.4974975585938,537.349365234375,546.0235595703125,0,0,0
2021-04-22 01:00:00+01:00,544.0054931640625,550.0056762695312,533.2125244140625,550.0056762695312,0,0,0
2021-04-22 02:00:00+01:00,550.4017333984375,565.8702392578125,550.4017333984375,553.5465698242188,0,0,0
2021-04-22 03:00:00+01:00,551.3939819335938,555.8653564453125,534.806640625,555.7774658203125,293770240,0,0
2021-04-22 04:00:00+01:00,554.085205078125,558.6009521484375,538.2379760742188,542.2675170898438,0,0,0
2021-04-22 05:00:00+01:00,542.5543823242188,554.4097900390625,542.5543823242188,553.1207275390625,25190400,0,0
2021-04-22 06:00:00+01:00,553.2542114257812,564.583740234375,551.2360229492188,564.583740234375,63204864,0,0
2021-04-22 07:00:00+01:00,564.4288940429688,568.2034912109375,556.9857177734375,559.2227783203125,0,0,0
2021-04-22 08:00:00+01:00,559.1941528320312,561.9273071289062,553.5859985351562,557.689208984375,0,0,0
2021-04-22 09:00:00+01:00,556.2174682617188,557.457275390625,538.845703125,545.2796630859375,0,0,0
2021-04-22 10:00:00+01:00,546.7628784179688,558.3108520507812,543.144775390625,557.73876953125,172417536,0,0
2021-04-22 11:00:00+01:00,557.75830078125,561.2470703125,550.1652221679688,550.1652221679688,0,0,0
2021-04-22 12:00:00+01:00,549.5700073242188,572.3195190429688,547.9160766601562,569.4435424804688,100136960,0,0
2021-04-22 13:00:00+01:00,569.402099609375,579.37744140625,567.4156494140625,567.4156494140625,0,0,0
2021-04-22 14:00:00+01:00,566.0276489257812,574.152099609375,564.2586669921875,566.0479736328125,0,0,0
2021-04-22 15:00:00+01:00,566.2277221679688,576.4025268554688,565.9320678710938,576.4025268554688,0,0,0
2021-04-22 16:00:00+01:00,577.5087890625,577.5087890625,570.9456176757812,576.2904663085938,0,0,0
2021-04-22 17:00:00+01:00,576.925048828125,582.0377197265625,571.1805419921875,573.5905151367188,0,0,0
2021-04-22 18:00:00+01:00,574.3228759765625,577.21923828125,545.900634765625,548.0471801757812,0,0,0
2021-04-22 19:00:00+01:00,547.6831665039062,549.48974609375,535.0484619140625,537.6134643554688,287897088,0,0
2021-04-22 20:00:00+01:00,535.696533203125,535.696533203125,515.2462768554688,526.3355102539062,326045184,0,0
2021-04-22 21:00:00+01:00,527.4137573242188,527.4137573242188,501.5404968261719,507.6925048828125,9584128,0,0
2021-04-22 22:00:00+01:00,503.4432373046875,521.154296875,481.2602233886719,511.90155029296875,603038208,0,0
2021-04-22 23:00:00+01:00,510.5013732910156,520.7494506835938,504.9865417480469,510.3188171386719,35930112,0,0
2021-04-23 00:00:00+01:00,508.5867919921875,517.7852172851562,505.48028564453125,506.01300048828125,0,0,0
2021-04-23 01:00:00+01:00,505.85888671875,517.8399658203125,495.7383117675781,501.70367431640625,0,0,0
2021-04-23 02:00:00+01:00,503.24554443359375,506.3813781738281,463.1524963378906,485.330078125,75026944,0,0
2021-04-23 03:00:00+01:00,484.69915771484375,489.54974365234375,452.4355163574219,482.16717529296875,147084800,0,0
2021-04-23 04:00:00+01:00,480.78936767578125,505.60980224609375,480.68048095703125,505.60980224609375,577990144,0,0
2021-04-23 05:00:00+01:00,506.18304443359375,510.21966552734375,479.06494140625,481.4005126953125,0,0,0
2021-04-23 06:00:00+01:00,482.9422607421875,496.83990478515625,469.9490661621094,488.65313720703125,397518848,0,0
2021-04-23 07:00:00+01:00,488.4973449707031,488.4973449707031,472.2040710449219,481.74609375,51155968,0,0
2021-04-23 08:00:00+01:00,479.2296447753906,487.1146240234375,464.49176025390625,467.49359130859375,14545920,0,0
2021-04-23 09:00:00+01:00,466.9352722167969,486.7482604980469,460.79541015625,486.7482604980469,71983104,0,0
2021-04-23 10:00:00+01:00,489.6553649902344,490.123046875,475.9139709472656,484.174072265625,85108736,0,0
2021-04-23 11:00:00+01:00,485.1072998046875,507.9627990722656,483.80206298828125,506.0321350097656,554369024,0,0
2021-04-23 12:00:00+01:00,507.57183837890625,520.2897338867188,503.0231018066406,515.9092407226562,233707520,0,0
2021-04-23 13:00:00+01:00,517.4765014648438,523.5270385742188,496.3433532714844,497.02374267578125,0,0,0
2021-04-23 14:00:00+01:00,496.5846862792969,501.3866882324219,487.4586181640625,495.2918395996094,89178112,0,0
2021-04-23 15:00:00+01:00,494.23626708984375,509.6545715332031,492.2050476074219,506.3313293457031,267461632,0,0
2021-04-23 16:00:00+01:00,506.4782409667969,507.21240234375,492.401123046875,504.930908203125,45323264,0,0
2021-04-23 17:00:00+01:00,504.8076477050781,509.6099548339844,498.0599060058594,502.17706298828125,0,0,0
2021-04-23 18:00:00+01:00,504.1634216308594,507.2015686035156,498.6446228027344,506.3011474609375,0,0,0
2021-04-23 19:00:00+01:00,505.1720886230469,518.5654907226562,503.78729248046875,518.5654907226562,0,0,0
2021-04-23 20:00:00+01:00,519.45068359375,520.6521606445312,513.0396118164062,518.693359375,0,0,0
2021-04-23 21:00:00+01:00,519.630859375,530.074951171875,514.4556884765625,514.4556884765625,0,0,0
2021-04-23 22:00:00+01:00,515.0650024414062,523.9935913085938,507.27001953125,507.5484313964844,0,0,0
2021-04-23 23:00:00+01:00,506.2043151855469,513.5187377929688,506.2043151855469,511.4111328125,0,0,0
2021-04-24 00:00:00+01:00,512.864501953125,528.2269287109375,512.864501953125,526.5652465820312,194363392,0,0
2021-04-24 01:00:00+01:00,526.7583618164062,526.9005737304688,502.9232177734375,506.0971374511719,0,0,0
2021-04-24 02:00:00+01:00,505.4115295410156,512.2197875976562,503.9267883300781,506.4397277832031,0,0,0
2021-04-24 03:00:00+01:00,505.16314697265625,515.6763305664062,495.4180908203125,512.8673706054688,0,0,0
2021-04-24 04:00:00+01:00,512.9829711914062,527.44091796875,511.75933837890625,523.2108764648438,0,0,0
2021-04-24 05:00:00+01:00,523.1264038085938,526.6666870117188,518.1253051757812,520.255615234375,0,0,0
2021-04-24 06:00:00+01:00,519.0420532226562,524.1171264648438,516.1322631835938,521.8980712890625,0,0,0
2021-04-24 07:00:00+01:00,521.8745727539062,524.287841796875,518.6111450195312,519.00048828125,0,0,0
2021-04-24 08:00:00+01:00,518.4028930664062,518.4028930664062,510.0131530761719,514.4503784179688,0,0,0
2021-04-24 09:00:00+01:00,514.7625732421875,520.4856567382812,512.9428100585938,513.8236694335938,0,0,0
2021-04-24 10:00:00+01:00,512.0932006835938,512.7799682617188,507.6673889160156,508.7041931152344,0,0,0
2021-04-24 11:00:00+01:00,508.1933898925781,508.1933898925781,496.1214599609375,496.1214599609375,0,0,0
2021-04-24 12:00:00+01:00,495.0025329589844,499.135009765625,483.9591369628906,490.47747802734375,0,0,0
2021-04-24 13:00:00+01:00,490.32989501953125,502.4476318359375,488.68719482421875,502.3489074707031,0,0,0
2021-04-24 14:00:00+01:00,501.1075744628906,502.9963073730469,497.5199890136719,500.4924011230469,0,0,0
2021-04-24 15:00:00+01:00,499.6047058105469,499.6047058105469,492.5528564453125,496.18017578125,0,0,0
2021-04-24 16:00:00+01:00,494.581787109375,507.68975830078125,489.5683288574219,506.40301513671875,41491456,0,0
2021-04-24 17:00:00+01:00,506.118408203125,506.7300109863281,500.2639465332031,501.2414245605469,0,0,0
2021-04-24 18:00:00+01:00,500.58599853515625,504.7162780761719,495.4439392089844,504.7162780761719,0,0,0
2021-04-24 19:00:00+01:00,504.0783996582031,509.0738525390625,500.5028381347656,504.8999328613281,0,0,0
2021-04-24 20:00:00+01:00,504.52288818359375,509.0952453613281,504.3277587890625,505.75830078125,0,0,0
2021-04-24 21:00:00+01:00,505.2176513671875,507.56170654296875,502.0081481933594,507.4155578613281,0,0,0
2021-04-24 22:00:00+01:00,507.9755859375,510.69403076171875,503.49163818359375,508.4081726074219,0,0,0
2021-04-24 23:00:00+01:00,508.14007568359375,510.3265380859375,503.3877868652344,503.7837219238281,0,0,0
2021-04-25 00:00:00+01:00,502.48199462890625,505.87664794921875,495.047119140625,496.4150695800781,0,0,0
2021-04-25 01:00:00+01:00,496.2568359375,504.0415954589844,492.0191650390625,492.0191650390625,0,0,0
2021-04-25 02:00:00+01:00,492.8894348144531,498.56494140625,492.8894348144531,494.80902099609375,0,0,0
2021-04-25 03:00:00+01:00,494.6572265625,495.79571533203125,492.2223205566406,493.2678527832031,0,0,0
2021-04-25 04:00:00+01:00,493.4797668457031,495.0621643066406,486.2158508300781,487.04541015625,0,0,0
2021-04-25 05:00:00+01:00,486.5801086425781,491.2865295410156,486.5801086425781,488.15594482421875,0,0,0
2021-04-25 06:00:00+01:00,488.17034912109375,492.2078552246094,488.04656982421875,492.2078552246094,0,0,0
2021-04-25 07:00:00+01:00,492.1031494140625,492.3490295410156,489.0392150878906,489.0392150878906,0,0,0
2021-04-25 08:00:00+01:00,489.1516418457031,491.9423522949219,488.9469909667969,491.21173095703125,0,0,0
2021-04-25 09:00:00+01:00,491.18524169921875,500.9013977050781,490.9363708496094,499.61212158203125,1902553472,0,0
2021-04-25 10:00:00+01:00,499.9200744628906,501.18939208984375,491.13568115234375,496.68927001953125,0,0,0
2021-04-25 11:00:00+01:00,496.5174255371094,500.3103942871094,494.151123046875,495.4443664550781,0,0,0
2021-04-25 12:00:00+01:00,495.74383544921875,501.3716125488281,494.98431396484375,501.3716125488281,0,0,0
2021-04-25 13:00:00+01:00,500.7401123046875,507.79132080078125,500.7401123046875,506.619873046875,0,0,0
2021-04-25 14:00:00+01:00,506.4784851074219,511.7846984863281,503.97772216796875,507.2579650878906,47513344,0,0
2021-04-25 15:00:00+01:00,506.8924255371094,516.243896484375,504.66253662109375,514.6945190429688,71783168,0,0
2021-04-25 16:00:00+01:00,514.7177124023438,517.0830078125,511.1957092285156,511.5382080078125,0,0,0
2021-04-25 17:00:00+01:00,511.6468505859375,512.900146484375,508.32391357421875,512.4745483398438,11542528,0,0
2021-04-25 18:00:00+01:00,512.9421997070312,513.7513427734375,508.24517822265625,510.02813720703125,13660416,0,0
2021-04-25 19:00:00+01:00,510.1925354003906,510.1925354003906,500.29595947265625,502.3897705078125,14268416,0,0
2021-04-25 20:00:00+01:00,501.6205139160156,503.7967224121094,494.561279296875,495.0362243652344,6731520,0,0
2021-04-25 21:00:00+01:00,495.4629821777344,499.91070556640625,486.66650390625,486.66650390625,68796416,0,0
2021-04-25 22:00:00+01:00,487.2184753417969,493.2647399902344,478.8894348144531,482.8829650878906,167345408,0,0
2021-04-25 23:00:00+01:00,484.3887939453125,503.2027893066406,482.7911071777344,501.3136901855469,241086208,0,0
2021-04-26 00:00:00+01:00,501.79949951171875,508.4136047363281,498.32513427734375,505.0770568847656,96932864,0,0
2021-04-26 01:00:00+01:00,504.7487487792969,518.5625,502.31146240234375,518.0397338867188,226052864,0,0
2021-04-26 02:00:00+01:00,518.8109741210938,529.9127197265625,516.6375122070312,528.9136352539062,239173120,0,0
2021-04-26 03:00:00+01:00,528.5324096679688,534.083984375,520.4515991210938,529.3310546875,179492096,0,0
2021-04-26 04:00:00+01:00,529.5465698242188,532.542236328125,526.6830444335938,532.185791015625,41155584,0,0
2021-04-26 05:00:00+01:00,532.9639282226562,535.2655639648438,526.1923828125,528.459716796875,114737408,0,0
2021-04-26 06:00:00+01:00,527.646484375,532.6064453125,523.7317504882812,532.6064453125,151963904,0,0
2021-04-26 07:00:00+01:00,533.0028076171875,549.9667358398438,533.0028076171875,542.0368041992188,377626112,0,0
2021-04-26 08:00:00+01:00,542.9026489257812,543.5740966796875,534.781982421875,539.5052490234375,165183488,0,0
2021-04-26 09:00:00+01:00,538.9119873046875,542.2815551757812,535.5817260742188,537.7559814453125,0,0,0
2021-04-26 10:00:00+01:00,536.719970703125,543.4358520507812,531.3554077148438,541.9683837890625,47407104,0,0
2021-04-26 11:00:00+01:00,543.3767700195312,544.2935791015625,537.1798706054688,537.8291625976562,0,0,0
2021-04-26 12:00:00+01:00,538.009033203125,544.7323608398438,538.009033203125,542.127197265625,57941504,0,0
2021-04-26 13:00:00+01:00,541.5775146484375,543.27294921875,534.4883422851562,534.4883422851562,0,0,0
2021-04-26 14:00:00+01:00,534.8668212890625,538.628173828125,531.35791015625,535.5182495117188,0,0,0
2021-04-26 15:00:00+01:00,535.3746948242188,537.6207275390625,531.6864624023438,533.6880493164062,0,0,0
2021-04-26 16:00:00+01:00,533.8916015625,537.930908203125,531.0810546875,537.2988891601562,0,0,0
2021-04-26 17:00:00+01:00,537.5492553710938,539.4652709960938,526.97705078125,532.813232421875,0,0,0
2021-04-26 18:00:00+01:00,533.1593017578125,540.173095703125,533.116455078125,538.4143676757812,47924736,0,0
2021-04-26 19:00:00+01:00,538.4957885742188,542.6983642578125,537.5993041992188,542.6983642578125,0,0,0
2021-04-26 20:00:00+01:00,542.3888549804688,542.3888549804688,535.9749755859375,537.2246704101562,0,0,0
2021-04-26 21:00:00+01:00,537.7115478515625,537.7115478515625,529.5061645507812,529.5061645507812,0,0,0
2021-04-26 22:00:00+01:00,528.3079223632812,528.3079223632812,515.5216064453125,522.3701782226562,0,0,0
2021-04-26 23:00:00+01:00,522.7116088867188,527.8945922851562,516.1742553710938,527.8945922851562,0,0,0
2021-04-27 00:00:00+01:00,527.7054443359375,534.7520751953125,526.621826171875,534.5776977539062,0,0,0
2021-04-27 01:00:00+01:00,535.428466796875,536.1558837890625,525.7677612304688,529.4252319335938,0,0,0
2021-04-27 02:00:00+01:00,529.2450561523438,532.5443725585938,528.1707153320312,531.41552734375,0,0,0
2021-04-27 03:00:00+01:00,531.8796997070312,533.9110107421875,531.7617797851562,533.9021606445312,0,0,0
2021-04-27 04:00:00+01:00,534.4816284179688,534.4816284179688,526.6808471679688,530.06884765625,0,0,0
2021-04-27 05:00:00+01:00,530.0620727539062,531.134521484375,526.3737182617188,531.134521484375,0,0,0
2021-04-27 06:00:00+01:00,531.5203857421875,539.6012573242188,531.5203857421875,538.7476196289062,64601344,0,0
2021-04-27 07:00:00+01:00,538.558837890625,542.893798828125,538.558837890625,542.1355590820312,0,0,0
2021-04-27 08:00:00+01:00,542.5515747070312,544.2994995117188,538.0726928710938,539.7950439453125,0,0,0
2021-04-27 09:00:00+01:00,540.2373657226562,544.6026611328125,539.1600341796875,540.0772094726562,0,0,0
2021-04-27 10:00:00+01:00,540.050048828125,557.843505859375,540.050048828125,554.01220703125,138202112,0,0
2021-04-27 11:00:00+01:00,555.6549682617188,565.3084716796875,553.5540771484375,565.2224731445312,151058432,0,0
2021-04-27 12:00:00+01:00,565.943359375,575.4161987304688,565.943359375,573.0404052734375,264821248,0,0
2021-04-27 13:00:00+01:00,575.175048828125,575.175048828125,567.6463623046875,570.19970703125,42652160,0,0
2021-04-27 14:00:00+01:00,570.6446533203125,578.6234741210938,559.0069580078125,561.8247680664062,139261952,0,0
2021-04-27 15:00:00+01:00,563.2723388671875,570.241943359375,553.263427734375,565.8470458984375,191449856,0,0
2021-04-27 16:00:00+01:00,567.2467651367188,570.6635131835938,562.8134765625,567.2083740234375,51729152,0,0
2021-04-27 17:00:00+01:00,566.6909790039062,568.6976928710938,556.203125,558.8040161132812,0,0,0
2021-04-27 18:00:00+01:00,559.1744995117188,563.5743408203125,556.076904296875,561.989990234375,5827072,0,0
2021-04-27 19:00:00+01:00,562.0582275390625,565.1643676757812,558.2567749023438,565.022705078125,28115456,0,0
2021-04-27 20:00:00+01:00,565.4342651367188,565.7509155273438,557.6636962890625,561.5530395507812,0,0,0
2021-04-27 21:00:00+01:00,561.5113525390625,563.8226318359375,560.1868896484375,563.0589599609375,0,0,0
2021-04-27 22:00:00+01:00,563.3804931640625,568.2908935546875,560.3681030273438,568.234130859375,0,0,0
2021-04-27 23:00:00+01:00,568.2899169921875,574.4362182617188,567.6112670898438,569.4234008789062,0,0,0
2021-04-28 00:00:00+01:00,569.0655517578125,573.9310302734375,566.4183959960938,568.4705200195312,10505472,0,0
2021-04-28 01:00:00+01:00,568.7456665039062,578.2251586914062,568.2600708007812,575.8329467773438,74078720,0,0
2021-04-28 02:00:00+01:00,575.1212768554688,578.8881225585938,573.47802734375,575.0673828125,61943552,0,0
2021-04-28 03:00:00+01:00,575.1734008789062,575.8146362304688,568.4060668945312,568.9083862304688,0,0,0
2021-04-28 04:00:00+01:00,567.646484375,568.5325927734375,560.0283813476562,560.462890625,13880576,0,0
2021-04-28 05:00:00+01:00,559.6884155273438,564.971435546875,559.6884155273438,563.7774047851562,44854016,0,0
2021-04-28 06:00:00+01:00,562.0208129882812,564.0410766601562,553.604736328125,557.16748046875,0,0,0
2021-04-28 07:00:00+01:00,556.4295654296875,556.4295654296875,539.072509765625,548.1732788085938,95891968,0,0
2021-04-28 08:00:00+01:00,548.6072387695312,558.158447265625,546.3038330078125,554.138671875,90498048,0,0
2021-04-28 09:00:00+01:00,554.947998046875,558.9046630859375,551.433349609375,552.566162109375,0,0,0
2021-04-28 10:00:00+01:00,550.8222045898438,552.8240966796875,543.912841796875,548.4853515625,0,0,0
2021-04-28 11:00:00+01:00,548.078857421875,555.3724365234375,546.0261840820312,554.6202392578125,0,0,0
2021-04-28 12:00:00+01:00,554.80419921875,563.39013671875,554.80419921875,559.69775390625,0,0,0
2021-04-28 13:00:00+01:00,560.4071044921875,565.91748046875,557.004638671875,564.9771728515625,0,0,0
2021-04-28 14:00:00+01:00,564.6778564453125,564.9783325195312,557.407958984375,561.4400024414062,0,0,0
2021-04-28 15:00:00+01:00,561.3574829101562,562.031494140625,553.3436889648438,553.3436889648438,0,0,0
2021-04-28 16:00:00+01:00,553.2794189453125,555.7550048828125,549.8848266601562,554.61669921875,0,0,0
2021-04-28 17:00:00+01:00,555.1069946289062,560.32373046875,552.3837890625,558.5010375976562,0,0,0
2021-04-28 18:00:00+01:00,558.7988891601562,559.5040893554688,555.4932861328125,557.5340576171875,0,0,0
2021-04-28 19:00:00+01:00,558.3054809570312,562.2777709960938,556.833740234375,558.8685913085938,9741056,0,0
2021-04-28 20:00:00+01:00,559.3878173828125,563.7086791992188,557.1357421875,563.7086791992188,9824000,0,0
2021-04-28 21:00:00+01:00,563.7636108398438,566.9512329101562,555.2760620117188,556.73828125,109761024,0,0
2021-04-28 22:00:00+01:00,556.3028564453125,562.2119140625,554.4549560546875,560.6691284179688,28228352,0,0
2021-04-28 23:00:00+01:00,560.593994140625,562.7118530273438,555.411865234375,555.5151977539062,0,0,0
2021-04-29 00:00:00+01:00,556.55126953125,563.1283569335938,556.55126953125,562.632568359375,8568064,0,0
2021-04-29 01:00:00+01:00,562.8735961914062,574.3388061523438,561.1683349609375,568.7603759765625,114259968,0,0
2021-04-29 02:00:00+01:00,568.9713745117188,570.930419921875,559.9968872070312,566.3462524414062,35245312,0,0
2021-04-29 03:00:00+01:00,566.3067016601562,570.0596313476562,562.0668334960938,569.40576171875,28306432,0,0
2021-04-29 04:00:00+01:00,568.9580688476562,574.3145751953125,565.8826904296875,569.8178100585938,46162944,0,0
2021-04-29 05:00:00+01:00,569.200439453125,569.88720703125,554.28466796875,555.8267211914062,4711424,0,0
2021-04-29 06:00:00+01:00,555.8259887695312,563.9560546875,555.8259887695312,562.9782104492188,59087872,0,0
2021-04-29 07:00:00+01:00,562.7948608398438,569.5315551757812,562.7948608398438,568.5614013671875,0,0,0
2021-04-29 08:00:00+01:00,568.98681640625,577.1239624023438,566.1422119140625,577.1239624023438,123087616,0,0
2021-04-29 09:00:00+01:00,577.3042602539062,581.2205810546875,572.2371826171875,574.2666625976562,155064320,0,0
2021-04-29 10:00:00+01:00,574.6493530273438,589.2896728515625,570.4280395507812,586.6268310546875,184616448,0,0
2021-04-29 11:00:00+01:00,586.3387451171875,605.9954223632812,585.6727905273438,597.20361328125,484473344,0,0
2021-04-29 12:00:00+01:00,595.2897338867188,599.2470092773438,589.0183715820312,595.7216796875,166731776,0,0
2021-04-29 13:00:00+01:00,596.2557373046875,614.8241577148438,592.5108642578125,609.4374389648438,385509888,0,0
2021-04-29 14:00:00+01:00,609.1885986328125,612.1445922851562,597.2155151367188,597.2155151367188,121368576,0,0
2021-04-29 15:00:00+01:00,595.3859252929688,603.8601684570312,592.0216064453125,592.0216064453125,98365440,0,0
2021-04-29 16:00:00+01:00,593.060791015625,595.4398193359375,587.5460205078125,590.64453125,126315520,0,0
2021-04-29 17:00:00+01:00,590.3781127929688,590.87744140625,570.4859008789062,570.4859008789062,0,0,0
2021-04-29 18:00:00+01:00,570.506103515625,582.7010498046875,568.71484375,575.2136840820312,251622400,0,0
2021-04-29 19:00:00+01:00,572.4171142578125,583.13427734375,569.9453735351562,581.6730346679688,153750528,0,0
2021-04-29 20:00:00+01:00,581.4180297851562,583.1148681640625,578.0071411132812,580.9830322265625,111118336,0,0
2021-04-29 21:00:00+01:00,580.2496948242188,586.0286865234375,572.31201171875,582.8098754882812,25633792,0,0
2021-04-29 22:00:00+01:00,581.8328247070312,593.0623168945312,579.962890625,593.0623168945312,154896384,0,0
2021-04-29 23:00:00+01:00,590.8080444335938,597.2669677734375,589.3007202148438,594.4337768554688,117918208,0,0
2021-04-30 00:00:00+01:00,593.8157958984375,601.8770141601562,591.7669067382812,599.70654296875,93758976,0,0
2021-04-30 01:00:00+01:00,599.9884643554688,599.9884643554688,587.6268920898438,588.0859375,0,0,0
2021-04-30 02:00:00+01:00,588.3687133789062,598.3550415039062,586.205810546875,595.5701293945312,87225856,0,0
2021-04-30 03:00:00+01:00,595.453125,610.9835205078125,594.133544921875,610.9835205078125,261516288,0,0
2021-04-30 04:00:00+01:00,609.32861328125,610.094482421875,603.284423828125,604.174560546875,0,0,0
2021-04-30 05:00:00+01:00,604.9185180664062,610.4076538085938,601.9000244140625,605.81396484375,36136448,0,0
2021-04-30 06:00:00+01:00,605.95703125,608.4104614257812,602.8884887695312,607.3203735351562,17561088,0,0
2021-04-30 07:00:00+01:00,606.7240600585938,619.0135498046875,606.7240600585938,617.6781616210938,728833536,0,0
2021-04-30 08:00:00+01:00,617.7586059570312,619.71533203125,614.4422607421875,617.3416748046875,0,0,0
2021-04-30 09:00:00+01:00,616.8792724609375,617.2003784179688,609.6099243164062,614.3772583007812,0,0,0
2021-04-30 10:00:00+01:00,614.4494018554688,622.6112670898438,614.4494018554688,618.21044921875,0,0,0
2021-04-30 11:00:00+01:00,617.8908081054688,620.5574340820312,605.4072265625,605.4072265625,0,0,0
2021-04-30 12:00:00+01:00,607.2468872070312,611.3681640625,601.3218994140625,602.260009765625,0,0,0
2021-04-30 13:00:00+01:00,603.0143432617188,611.4541015625,603.0143432617188,611.0399780273438,0,0,0
2021-04-30 14:00:00+01:00,611.3917846679688,611.6229248046875,601.5252075195312,604.3182373046875,0,0,0
2021-04-30 15:00:00+01:00,604.978759765625,607.7959594726562,598.4050903320312,602.3319091796875,0,0,0
2021-04-30 16:00:00+01:00,601.2647705078125,607.6021118164062,601.105224609375,606.2671508789062,0,0,0
2021-04-30 17:00:00+01:00,606.6100463867188,615.9359130859375,603.907958984375,611.958740234375,29829120,0,0
2021-04-30 18:00:00+01:00,611.77587890625,615.45263671875,608.8230590820312,615.1784057617188,0,0,0
2021-04-30 19:00:00+01:00,614.3213500976562,627.7774658203125,613.6448974609375,626.6231689453125,119395840,0,0
2021-04-30 20:00:00+01:00,625.896484375,627.6866455078125,622.6636352539062,626.6207885742188,0,0,0
2021-04-30 21:00:00+01:00,625.4672241210938,625.4672241210938,618.1732788085938,621.3682250976562,0,0,0
2021-04-30 22:00:00+01:00,621.6934204101562,621.87841796875,616.0293579101562,620.391357421875,0,0,0
2021-04-30 23:00:00+01:00,620.5571899414062,620.5571899414062,616.7864990234375,618.4398803710938,0,0,0
2021-05-01 00:00:00+01:00,618.9470825195312,625.3502197265625,618.6190185546875,624.08056640625,14092800,0,0
2021-05-01 01:00:00+01:00,622.4692993164062,624.5153198242188,617.3628540039062,623.3037719726562,0,0,0
2021-05-01 02:00:00+01:00,623.03564453125,623.03564453125,618.2252807617188,619.0179443359375,0,0,0
2021-05-01 03:00:00+01:00,619.886962890625,641.86083984375,619.5775756835938,636.5735473632812,283591680,0,0
2021-05-01 04:00:00+01:00,636.8302612304688,639.0410766601562,634.3236694335938,636.6082153320312,0,0,0
2021-05-01 05:00:00+01:00,636.4288940429688,637.636962890625,628.67578125,631.6470947265625,0,0,0
2021-05-01 06:00:00+01:00,631.9698486328125,635.8193969726562,630.2366333007812,632.0812377929688,0,0,0
2021-05-01 07:00:00+01:00,632.2241821289062,632.2241821289062,626.3037719726562,627.130126953125,0,0,0
2021-05-01 08:00:00+01:00,626.9318237304688,628.8313598632812,623.4598999023438,625.4754638671875,0,0,0
2021-05-01 09:00:00+01:00,626.3270263671875,631.0276489257812,623.2117919921875,623.2117919921875,0,0,0
2021-05-01 10:00:00+01:00,621.5608520507812,623.065673828125,611.302001953125,618.7164306640625,0,0,0
2021-05-01 11:00:00+01:00,618.1560668945312,622.0665283203125,615.7020874023438,620.5526733398438,0,0,0
2021-05-01 12:00:00+01:00,620.3406982421875,628.0072021484375,620.3406982421875,627.4959716796875,0,0,0
2021-05-01 13:00:00+01:00,627.07421875,629.5276489257812,624.5533447265625,624.5533447265625,0,0,0
2021-05-01 14:00:00+01:00,624.9420776367188,625.1837768554688,619.8509521484375,622.8653564453125,0,0,0
2021-05-01 15:00:00+01:00,622.0894165039062,623.4532470703125,615.7835693359375,617.0521850585938,0,0,0
2021-05-01 16:00:00+01:00,617.4360961914062,619.0234375,612.7479858398438,618.8262329101562,0,0,0
2021-05-01 17:00:00+01:00,619.1160888671875,624.856689453125,619.1160888671875,624.856689453125,0,0,0
2021-05-01 18:00:00+01:00,624.4091186523438,626.7767333984375,620.1871948242188,621.8569946289062,0,0,0
2021-05-01 19:00:00+01:00,621.8832397460938,625.495849609375,618.7573852539062,624.67919921875,0,0,0
2021-05-01 20:00:00+01:00,625.2190551757812,625.2190551757812,621.4263916015625,621.8135986328125,0,0,0
2021-05-01 21:00:00+01:00,621.7273559570312,622.9207153320312,619.732666015625,621.9357299804688,0,0,0
2021-05-01 22:00:00+01:00,621.487060546875,622.6468505859375,616.38330078125,616.5868530273438,0,0,0
2021-05-01 23:00:00+01:00,616.6792602539062,622.2446899414062,615.8407592773438,622.0161743164062,22213376,0,0
2021-05-02 00:00:00+01:00,621.3553466796875,621.3553466796875,618.4550170898438,619.3472290039062,0,0,0
2021-05-02 01:00:00+01:00,619.9721069335938,626.7246704101562,617.3258056640625,617.3258056640625,0,0,0
2021-05-02 02:00:00+01:00,617.4612426757812,619.2313232421875,614.3694458007812,616.8294677734375,0,0,0
2021-05-02 03:00:00+01:00,616.4235229492188,621.0519409179688,616.0462646484375,616.4898681640625,0,0,0
2021-05-02 04:00:00+01:00,616.7086791992188,618.8035888671875,600.6065063476562,604.207763671875,0,0,0
2021-05-02 05:00:00+01:00,603.7780151367188,611.5543823242188,595.8587646484375,611.126220703125,102027520,0,0
2021-05-02 06:00:00+01:00,611.6636352539062,614.0846557617188,605.5036010742188,613.1654663085938,9903616,0,0
2021-05-02 07:00:00+01:00,612.8101196289062,615.7772827148438,611.5636596679688,614.632568359375,0,0,0
2021-05-02 08:00:00+01:00,614.0908203125,615.428955078125,605.8861694335938,610.357666015625,0,0,0
2021-05-02 09:00:00+01:00,609.7220458984375,610.3966674804688,600.433837890625,606.1827392578125,33861888,0,0
2021-05-02 10:00:00+01:00,605.76025390625,606.845703125,601.4443359375,606.4280395507812,0,0,0
2021-05-02 11:00:00+01:00,606.8015747070312,616.8549194335938,605.2607421875,616.5060424804688,57079808,0,0
2021-05-02 12:00:00+01:00,614.9491577148438,619.1585693359375,613.622802734375,619.1585693359375,26452480,0,0
2021-05-02 13:00:00+01:00,619.7163696289062,620.1915893554688,615.3362426757812,620.1915893554688,31228416,0,0
2021-05-02 14:00:00+01:00,619.7913208007812,624.6214599609375,617.1611328125,619.1620483398438,57526528,0,0
2021-05-02 15:00:00+01:00,619.9178466796875,627.158447265625,619.9178466796875,626.1027221679688,73632768,0,0
2021-05-02 16:00:00+01:00,626.2023315429688,628.6209716796875,623.195068359375,623.195068359375,5819648,0,0
2021-05-02 17:00:00+01:00,622.3831176757812,624.8761596679688,619.8390502929688,621.6188354492188,0,0,0
2021-05-02 18:00:00+01:00,622.1282958984375,624.908447265625,620.9573974609375,624.4811401367188,0,0,0
2021-05-02 19:00:00+01:00,624.3787841796875,626.87841796875,623.9373779296875,624.1625366210938,0,0,0
2021-05-02 20:00:00+01:00,624.252197265625,627.2942504882812,622.7164916992188,627.2942504882812,7892224,0,0
2021-05-02 21:00:00+01:00,627.1257934570312,628.525146484375,624.6808471679688,626.718994140625,12344832,0,0
2021-05-02 22:00:00+01:00,627.136962890625,627.9330444335938,622.0977172851562,622.0977172851562,0,0,0
2021-05-02 23:00:00+01:00,622.0484008789062,623.4583129882812,616.2430419921875,618.4635620117188,3481344,0,0
2021-05-03 00:00:00+01:00,618.643310546875,622.53125,617.9755249023438,622.1010131835938,35966208,0,0
2021-05-03 01:00:00+01:00,621.9027099609375,628.3095092773438,621.9027099609375,627.9371337890625,0,0,0
2021-05-03 02:00:00+01:00,627.79443359375,630.9992065429688,624.7564086914062,630.9992065429688,89923840,0,0
2021-05-03 03:00:00+01:00,631.2203979492188,631.5457763671875,626.1348876953125,626.8110961914062,26211840,0,0
2021-05-03 04:00:00+01:00,626.8090209960938,626.8090209960938,622.84033203125,624.417724609375,0,0,0
2021-05-03 05:00:00+01:00,625.0326538085938,627.5219116210938,623.6728515625,624.315673828125,0,0,0
2021-05-03 06:00:00+01:00,624.6381225585938,629.9556884765625,623.819091796875,629.9556884765625,10774528,0,0
2021-05-03 07:00:00+01:00,629.9566650390625,636.288818359375,628.2723999023438,634.1893920898438,74159104,0,0
2021-05-03 08:00:00+01:00,634.5411987304688,638.123779296875,631.379638671875,635.53271484375,29175040,0,0
2021-05-03 09:00:00+01:00,636.0494995117188,637.6475219726562,633.0094604492188,634.5499877929688,0,0,0
2021-05-03 10:00:00+01:00,634.451171875,634.9080200195312,630.5469360351562,631.0342407226562,0,0,0
2021-05-03 11:00:00+01:00,631.5750122070312,634.7543334960938,630.67041015625,634.0455932617188,0,0,0
2021-05-03 12:00:00+01:00,634.2683715820312,653.1480102539062,634.2683715820312,648.8828125,350089216,0,0
2021-05-03 13:00:00+01:00,647.4436645507812,657.5012817382812,647.2786865234375,657.5012817382812,194887680,0,0
2021-05-03 14:00:00+01:00,658.8099975585938,664.2185668945312,644.9873046875,649.5244140625,182107136,0,0
2021-05-03 15:00:00+01:00,649.9511108398438,663.5679931640625,649.6614990234375,659.4590454101562,134390272,0,0
2021-05-03 16:00:00+01:00,658.7618408203125,665.5025634765625,656.580078125,661.2598266601562,27460608,0,0
2021-05-03 17:00:00+01:00,660.0526733398438,667.868896484375,656.206298828125,667.181396484375,78379520,0,0
2021-05-03 18:00:00+01:00,667.5042114257812,677.6746215820312,663.3056030273438,674.51953125,192549888,0,0
2021-05-03 19:00:00+01:00,674.0028686523438,679.8150024414062,672.5740966796875,677.1578979492188,95319040,0,0
2021-05-03 20:00:00+01:00,676.0462036132812,676.2169189453125,667.1135864257812,675.0814208984375,77156352,0,0
2021-05-03 21:00:00+01:00,675.8072509765625,675.8072509765625,661.60498046875,664.7508544921875,47956992,0,0
2021-05-03 22:00:00+01:00,664.3341674804688,671.9327392578125,660.87841796875,671.815185546875,87943680,0,0
2021-05-03 23:00:00+01:00,671.828125,674.0934448242188,665.9176635742188,672.8341064453125,41991168,0,0
2021-05-04 00:00:00+01:00,673.3655395507812,677.3098754882812,667.24853515625,675.68408203125,66487808,0,0
2021-05-04 01:00:00+01:00,676.31591796875,676.9168701171875,637.1495361328125,640.215087890625,8275968,0,0
2021-05-04 02:00:00+01:00,644.4456787109375,656.5035400390625,643.038330078125,650.9237670898438,471006208,0,0
2021-05-04 03:00:00+01:00,649.9860229492188,653.6783447265625,629.6222534179688,635.56689453125,92674048,0,0
2021-05-04 04:00:00+01:00,633.8801879882812,639.186279296875,627.357177734375,638.597900390625,248723456,0,0
2021-05-04 05:00:00+01:00,639.01220703125,652.9453125,636.7969360351562,652.9453125,478556160,0,0
2021-05-04 06:00:00+01:00,652.0983276367188,660.3262939453125,652.0983276367188,660.3262939453125,258367488,0,0
2021-05-04 07:00:00+01:00,661.5610961914062,666.110107421875,658.532958984375,660.1038818359375,12228608,0,0
2021-05-04 08:00:00+01:00,661.469482421875,665.1710815429688,653.7894287109375,654.6447143554688,0,0,0
2021-05-04 09:00:00+01:00,654.3165893554688,656.0672607421875,641.1095581054688,646.4263916015625,0,0,0
2021-05-04 10:00:00+01:00,646.8088989257812,657.6922607421875,646.8088989257812,649.4034423828125,154471424,0,0
2021-05-04 11:00:00+01:00,648.5225830078125,658.594970703125,648.4107055664062,658.4559326171875,263885824,0,0
2021-05-04 12:00:00+01:00,658.7926635742188,658.7926635742188,650.916259765625,653.5957641601562,0,0,0
2021-05-04 13:00:00+01:00,652.8580932617188,652.9328002929688,643.4398193359375,646.9840698242188,0,0,0
2021-05-04 14:00:00+01:00,648.4613647460938,648.4613647460938,634.1787719726562,640.1229858398438,0,0,0
2021-05-04 15:00:00+01:00,640.2831420898438,642.3964233398438,615.9109497070312,623.4714965820312,161782784,0,0
2021-05-04 16:00:00+01:00,622.7040405273438,626.1488647460938,606.2677001953125,615.1419677734375,288234496,0,0
2021-05-04 17:00:00+01:00,612.5828247070312,621.8779296875,606.8140869140625,614.5567626953125,284841984,0,0
2021-05-04 18:00:00+01:00,614.7696533203125,626.0092163085938,613.8570556640625,624.3383178710938,142823424,0,0
2021-05-04 19:00:00+01:00,624.9830322265625,633.1267700195312,621.854248046875,631.4005126953125,129845248,0,0
2021-05-04 20:00:00+01:00,632.1467895507812,632.1467895507812,624.9920654296875,630.5247802734375,0,0,0
2021-05-04 21:00:00+01:00,630.4519653320312,632.754638671875,621.2924194335938,630.023681640625,0,0,0
2021-05-04 22:00:00+01:00,629.8966674804688,629.8966674804688,622.7322998046875,623.5300903320312,0,0,0
2021-05-04 23:00:00+01:00,623.9811401367188,625.2042846679688,611.3432006835938,618.6912231445312,0,0,0
2021-05-05 00:00:00+01:00,619.6831665039062,622.1076049804688,608.56884765625,611.2003173828125,7051264,0,0
2021-05-05 01:00:00+01:00,609.3310546875,629.5234985351562,606.2906494140625,628.1392211914062,0,0,0
2021-05-05 02:00:00+01:00,627.4800415039062,634.9463500976562,626.0010986328125,634.1231689453125,0,0,0
2021-05-05 03:00:00+01:00,634.2365112304688,636.789794921875,630.7197875976562,633.591064453125,0,0,0
2021-05-05 04:00:00+01:00,634.5051879882812,636.8558349609375,625.3469848632812,627.8645629882812,0,0,0
2021-05-05 05:00:00+01:00,627.6602172851562,628.94189453125,622.0294799804688,622.4007568359375,0,0,0
2021-05-05 06:00:00+01:00,622.31201171875,631.4437255859375,620.7506713867188,629.7115478515625,32723968,0,0
2021-05-05 07:00:00+01:00,629.6382446289062,629.8297729492188,622.103271484375,628.124267578125,0,0,0
2021-05-05 08:00:00+01:00,628.6795043945312,642.496337890625,626.485107421875,642.496337890625,149976576,0,0
2021-05-05 09:00:00+01:00,642.36865234375,649.3114013671875,638.1051025390625,646.2294921875,6297088,0,0
2021-05-05 10:00:00+01:00,646.0936279296875,650.1965942382812,644.504150390625,649.54541015625,0,0,0
2021-05-05 11:00:00+01:00,649.0310668945312,653.0167846679688,646.2476196289062,651.4252319335938,14599680,0,0
2021-05-05 12:00:00+01:00,653.0613403320312,653.4651489257812,641.7207641601562,642.8861694335938,0,0,0
2021-05-05 13:00:00+01:00,642.7955932617188,652.357177734375,641.5785522460938,650.9678955078125,5727744,0,0
2021-05-05 14:00:00+01:00,651.3419799804688,656.2369995117188,649.2909545898438,656.2271728515625,0,0,0
2021-05-05 15:00:00+01:00,655.4300537109375,655.4300537109375,644.2266235351562,652.8388671875,0,0,0
2021-05-05 16:00:00+01:00,651.3407592773438,652.01025390625,645.4821166992188,648.0769653320312,0,0,0
2021-05-05 17:00:00+01:00,646.7877807617188,649.528076171875,641.2550659179688,648.07861328125,0,0,0
2021-05-05 18:00:00+01:00,648.4732666015625,648.4732666015625,642.7649536132812,643.927734375,0,0,0
2021-05-05 19:00:00+01:00,643.2473754882812,647.6304931640625,643.2473754882812,646.109130859375,0,0,0
2021-05-05 20:00:00+01:00,645.0729370117188,650.0223999023438,644.4600219726562,648.8600463867188,0,0,0
2021-05-05 21:00:00+01:00,649.3358154296875,649.3804321289062,640.9066162109375,643.6815795898438,0,0,0
2021-05-05 22:00:00+01:00,643.5318603515625,645.9985961914062,641.9839477539062,645.0872802734375,0,0,0
2021-05-06 00:00:00+01:00,649.8402099609375,654.2139892578125,645.720947265625,651.6627197265625,0,0,0
2021-05-06 01:00:00+01:00,651.0494995117188,653.412841796875,633.392822265625,637.3781127929688,212063744,0,0
2021-05-06 02:00:00+01:00,638.6456298828125,642.5751342773438,631.907958984375,639.2333984375,3378176,0,0
2021-05-06 03:00:00+01:00,639.54248046875,644.8442993164062,637.23681640625,644.560546875,21976576,0,0
2021-05-06 04:00:00+01:00,644.9371337890625,644.9371337890625,639.75732421875,642.2969360351562,0,0,0
2021-05-06 05:00:00+01:00,642.4041137695312,646.4767456054688,640.3421020507812,640.4888305664062,0,0,0
2021-05-06 06:00:00+01:00,640.600341796875,646.9857177734375,639.7369995117188,644.5382080078125,0,0,0
2021-05-06 07:00:00+01:00,644.6040649414062,644.9877319335938,635.7311401367188,635.8912353515625,0,0,0
2021-05-06 08:00:00+01:00,636.0664672851562,640.6874389648438,634.0220336914062,640.1982421875,0,0,0
2021-05-06 09:00:00+01:00,640.5297241210938,644.65673828125,640.31689453125,642.6119384765625,0,0,0
2021-05-06 10:00:00+01:00,641.6697998046875,645.5338134765625,640.4663696289062,645.5338134765625,0,0,0
2021-05-06 11:00:00+01:00,645.3646240234375,652.163818359375,645.3646240234375,649.197021484375,78578688,0,0
2021-05-06 12:00:00+01:00,649.8645629882812,650.3245849609375,647.3955078125,648.1139526367188,0,0,0
2021-05-06 13:00:00+01:00,647.822509765625,647.822509765625,642.245361328125,643.0443725585938,0,0,0
2021-05-06 14:00:00+01:00,643.5919189453125,643.855224609375,640.2256469726562,642.2671508789062,0,0,0
2021-05-06 15:00:00+01:00,643.8206787109375,644.388671875,640.7521362304688,641.2456665039062,0,0,0
2021-05-06 16:00:00+01:00,641.0380249023438,642.7122192382812,636.2717895507812,639.8888549804688,0,0,0
2021-05-06 17:00:00+01:00,639.3265991210938,641.2462768554688,633.0263671875,634.1185302734375,0,0,0
2021-05-06 18:00:00+01:00,634.0073852539062,641.7974853515625,634.0073852539062,636.4244995117188,67169280,0,0
2021-05-06 19:00:00+01:00,635.9508666992188,638.8571166992188,622.1430053710938,629.2572631835938,125778944,0,0
2021-05-06 20:00:00+01:00,628.392822265625,632.30712890625,621.0661010742188,631.9818725585938,97692672,0,0
2021-05-06 21:00:00+01:00,632.3682250976562,632.3682250976562,624.1303100585938,626.2439575195312,0,0,0
2021-05-06 22:00:00+01:00,626.49951171875,632.7909545898438,626.49951171875,631.8770141601562,61698560,0,0
2021-05-06 23:00:00+01:00,632.26416015625,637.346435546875,630.9959106445312,637.2352905273438,10506240,0,0
2021-05-07 00:00:00+01:00,637.43408203125,638.145263671875,631.725830078125,633.2803955078125,155946496,0,0
2021-05-07 01:00:00+01:00,634.0068969726562,636.53125,627.595703125,628.3735961914062,0,0,0
2021-05-07 02:00:00+01:00,626.84521484375,629.8246459960938,623.1423950195312,627.0537109375,0,0,0
2021-05-07 03:00:00+01:00,625.635009765625,627.5078125,613.67041015625,616.3806762695312,50992896,0,0
2021-05-07 04:00:00+01:00,617.116943359375,620.5546875,613.72216796875,619.59912109375,86628864,0,0
2021-05-07 05:00:00+01:00,618.78515625,619.8693237304688,612.1624755859375,618.6648559570312,63006720,0,0
2021-05-07 06:00:00+01:00,618.5244140625,625.1005249023438,617.6636962890625,621.9496459960938,36129536,0,0
2021-05-07 07:00:00+01:00,621.8661499023438,625.9842529296875,619.4160766601562,624.846923828125,6221824,0,0
2021-05-07 08:00:00+01:00,624.4280395507812,625.0853881835938,620.6787719726562,621.1822509765625,0,0,0
2021-05-07 09:00:00+01:00,621.2349853515625,623.06005859375,618.9478759765625,623.0471801757812,42379264,0,0
2021-05-07 10:00:00+01:00,622.7578735351562,625.6072998046875,622.1132202148438,624.4742431640625,18482432,0,0
2021-05-07 11:00:00+01:00,623.88330078125,629.6095581054688,623.88330078125,624.0184936523438,0,0,0
2021-05-07 12:00:00+01:00,623.8574829101562,628.399658203125,622.4813232421875,625.1002807617188,0,0,0
2021-05-07 13:00:00+01:00,625.138916015625,630.4036865234375,622.5089111328125,630.4036865234375,13963776,0,0
2021-05-07 14:00:00+01:00,630.4935913085938,633.0595703125,628.1076049804688,630.768310546875,0,0,0
2021-05-07 15:00:00+01:00,630.7459716796875,634.9863891601562,628.0977172851562,634.9863891601562,0,0,0
2021-05-07 16:00:00+01:00,635.901611328125,637.540283203125,632.813232421875,635.1588745117188,0,0,0
2021-05-07 17:00:00+01:00,635.794677734375,637.350341796875,631.3436889648438,637.350341796875,0,0,0
2021-05-07 18:00:00+01:00,638.0953369140625,644.12451171875,638.0610961914062,639.5889892578125,5480448,0,0
2021-05-07 19:00:00+01:00,639.3556518554688,639.3556518554688,632.708251953125,635.1693725585938,0,0,0
2021-05-07 20:00:00+01:00,635.2083740234375,635.5951538085938,625.748779296875,626.6842041015625,0,0,0
2021-05-07 21:00:00+01:00,627.355712890625,631.2923583984375,627.355712890625,631.0244750976562,0,0,0
2021-05-07 22:00:00+01:00,630.99072265625,630.99072265625,621.5478515625,622.3350830078125,0,0,0
2021-05-07 23:00:00+01:00,623.0455322265625,626.4037475585938,613.8680419921875,618.6822509765625,22918400,0,0
2021-05-08 00:00:00+01:00,617.7967529296875,625.229736328125,617.7967529296875,624.5632934570312,29854976,0,0
2021-05-08 01:00:00+01:00,624.09423828125,626.5338745117188,618.8406982421875,626.5338745117188,0,0,0
2021-05-08 02:00:00+01:00,626.5447998046875,629.57421875,625.7846069335938,629.5530395507812,0,0,0
2021-05-08 03:00:00+01:00,629.1729125976562,633.912353515625,627.50244140625,633.912353515625,0,0,0
2021-05-08 04:00:00+01:00,634.3240966796875,634.856689453125,631.1773071289062,631.9217529296875,0,0,0
2021-05-08 05:00:00+01:00,631.4923095703125,635.1756591796875,630.7411499023438,631.6937255859375,0,0,0
2021-05-08 06:00:00+01:00,631.8992919921875,631.8992919921875,628.5556640625,629.9557495117188,0,0,0
2021-05-08 07:00:00+01:00,628.4242553710938,629.2172241210938,625.7330932617188,627.8905029296875,0,0,0
2021-05-08 08:00:00+01:00,626.5863647460938,630.0159301757812,624.0860595703125,628.9750366210938,15798528,0,0
2021-05-08 09:00:00+01:00,629.5274047851562,636.0361938476562,629.4705810546875,633.5645751953125,71692800,0,0
2021-05-08 10:00:00+01:00,633.2743530273438,636.2832641601562,631.5660400390625,635.9605712890625,20405248,0,0
2021-05-08 11:00:00+01:00,636.45166015625,636.45166015625,631.725341796875,632.57568359375,0,0,0
2021-05-08 12:00:00+01:00,632.8324584960938,634.247802734375,631.02734375,631.7565307617188,21037312,0,0
2021-05-08 13:00:00+01:00,631.83740234375,632.3052368164062,629.0203857421875,630.8975219726562,10941952,0,0
2021-05-08 14:00:00+01:00,630.8848876953125,634.8048706054688,630.8848876953125,633.6481323242188,50561024,0,0
2021-05-08 15:00:00+01:00,633.6396484375,642.0661010742188,632.1908569335938,639.4718627929688,104733952,0,0
2021-05-08 16:00:00+01:00,639.4298095703125,653.5045776367188,638.3455200195312,640.2367553710938,202466560,0,0
2021-05-08 17:00:00+01:00,642.6463623046875,651.6961669921875,641.1776123046875,646.0650634765625,125439744,0,0
2021-05-08 18:00:00+01:00,644.9947509765625,650.8236694335938,640.4382934570312,649.5421142578125,42227456,0,0
2021-05-08 19:00:00+01:00,649.3026733398438,651.0792846679688,645.2129516601562,649.9390869140625,24149248,0,0
2021-05-08 20:00:00+01:00,648.9907836914062,657.5446166992188,648.810546875,652.3908081054688,38551552,0,0
2021-05-08 21:00:00+01:00,654.8795776367188,654.8795776367188,647.1072387695312,647.1072387695312,8848896,0,0
2021-05-08 22:00:00+01:00,647.3634033203125,648.2341918945312,644.8222045898438,646.59619140625,0,0,0
2021-05-08 23:00:00+01:00,647.0036010742188,648.2927856445312,642.4559326171875,643.5292358398438,0,0,0
2021-05-09 00:00:00+01:00,642.5523071289062,646.3868408203125,641.057373046875,646.100830078125,0,0,0
2021-05-09 01:00:00+01:00,646.6201171875,647.17333984375,639.9934692382812,640.2427368164062,0,0,0
2021-05-09 02:00:00+01:00,639.6519775390625,646.5,638.9993896484375,646.418701171875,55847424,0,0
2021-05-09 03:00:00+01:00,645.524658203125,648.5674438476562,644.4952392578125,648.5674438476562,1885952,0,0
2021-05-09 04:00:00+01:00,648.1170654296875,650.747802734375,642.1837158203125,642.1837158203125,737024,0,0
2021-05-09 05:00:00+01:00,641.4466552734375,644.3995361328125,631.4652709960938,641.7628173828125,101246208,0,0
2021-05-09 06:00:00+01:00,642.0490112304688,647.9315795898438,639.8327026367188,646.9594116210938,28512512,0,0
2021-05-09 07:00:00+01:00,646.7803955078125,649.9542846679688,646.3458251953125,649.0696411132812,0,0,0
2021-05-09 08:00:00+01:00,647.07958984375,647.60595703125,643.3358154296875,645.63818359375,0,0,0
2021-05-09 09:00:00+01:00,644.3109741210938,662.9680786132812,643.1908569335938,662.9680786132812,149953024,0,0
2021-05-09 10:00:00+01:00,662.9193725585938,677.9920654296875,659.1306762695312,672.566162109375,508394752,0,0
2021-05-09 11:00:00+01:00,671.8005981445312,675.8939208984375,664.2825317382812,675.8939208984375,126869504,0,0
2021-05-09 12:00:00+01:00,677.0215454101562,677.9447021484375,666.932373046875,667.59912109375,11816448,0,0
2021-05-09 13:00:00+01:00,669.0790405273438,669.4031982421875,651.68408203125,652.4150390625,90433024,0,0
2021-05-09 14:00:00+01:00,651.6672973632812,661.6060180664062,651.6672973632812,661.6060180664062,90179072,0,0
2021-05-09 15:00:00+01:00,662.1209106445312,667.2316284179688,661.0557861328125,665.11376953125,0,0,0
2021-05-09 16:00:00+01:00,663.7368774414062,669.054443359375,663.2120971679688,667.3167114257812,0,0,0
2021-05-09 17:00:00+01:00,665.2660522460938,666.7520141601562,660.101318359375,666.560302734375,0,0,0
2021-05-09 18:00:00+01:00,665.5007934570312,665.5007934570312,657.1043090820312,661.2564086914062,0,0,0
2021-05-09 19:00:00+01:00,662.2457885742188,663.645263671875,659.7974853515625,663.32763671875,0,0,0
2021-05-09 20:00:00+01:00,663.299560546875,663.9558715820312,655.0428466796875,659.0293579101562,0,0,0
2021-05-09 21:00:00+01:00,659.228515625,663.5060424804688,657.9707641601562,662.6091918945312,0,0,0
2021-05-09 22:00:00+01:00,661.7219848632812,666.0813598632812,659.671875,660.28515625,0,0,0
2021-05-09 23:00:00+01:00,659.7887573242188,663.1642456054688,657.7337036132812,659.2477416992188,0,0,0
2021-05-10 00:00:00+01:00,661.6739501953125,664.1063842773438,659.792724609375,662.2285766601562,20698112,0,0
2021-05-10 01:00:00+01:00,661.2885131835938,684.0523681640625,661.2885131835938,683.824951171875,342100992,0,0
2021-05-10 02:00:00+01:00,682.1295776367188,685.0176391601562,678.0680541992188,680.3944702148438,90673664,0,0
2021-05-10 03:00:00+01:00,679.7833251953125,683.3422241210938,675.8365478515625,677.0712890625,31908352,0,0
2021-05-10 04:00:00+01:00,677.6626586914062,677.9885864257812,672.180419921875,677.9885864257812,83326976,0,0
2021-05-10 05:00:00+01:00,678.0859985351562,680.6005249023438,675.8685913085938,676.099365234375,0,0,0
2021-05-10 06:00:00+01:00,676.5213623046875,677.592529296875,671.6118774414062,675.0656127929688,884224,0,0
2021-05-10 07:00:00+01:00,676.123779296875,690.9319458007812,675.229736328125,683.3948364257812,248190464,0,0
2021-05-10 08:00:00+01:00,685.1300048828125,687.3034057617188,675.0709838867188,677.53125,65425920,0,0
2021-05-10 09:00:00+01:00,679.3088989257812,679.691650390625,673.3433837890625,676.7748413085938,0,0,0
2021-05-10 10:00:00+01:00,677.1824951171875,677.6219482421875,666.1910400390625,669.63671875,0,0,0
2021-05-10 11:00:00+01:00,669.9006958007812,669.9006958007812,660.475830078125,662.6358642578125,0,0,0
2021-05-10 12:00:00+01:00,664.01123046875,667.4192504882812,654.1546630859375,664.6445922851562,43691008,0,0
2021-05-10 13:00:00+01:00,665.4215698242188,668.7257690429688,662.7268676757812,664.5762329101562,0,0,0
2021-05-10 14:00:00+01:00,663.1438598632812,666.7905883789062,660.3102416992188,661.6334838867188,0,0,0
2021-05-10 15:00:00+01:00,658.7275390625,662.9814453125,653.0899658203125,654.3051147460938,226768640,0,0
2021-05-10 16:00:00+01:00,653.072509765625,665.8364868164062,653.072509765625,665.8364868164062,121982976,0,0
2021-05-10 17:00:00+01:00,665.9948120117188,667.6696166992188,662.6033935546875,662.6033935546875,0,0,0
2021-05-10 18:00:00+01:00,662.9805297851562,667.3189697265625,660.1053466796875,661.6683959960938,0,0,0
2021-05-10 19:00:00+01:00,661.743408203125,664.5147705078125,657.2931518554688,659.181884765625,26453760,0,0
2021-05-10 20:00:00+01:00,660.017578125,662.015380859375,633.4988403320312,640.5134887695312,15934720,0,0
2021-05-10 21:00:00+01:00,640.0158081054688,640.0158081054688,597.9805297851562,626.085205078125,552169984,0,0
2021-05-10 22:00:00+01:00,623.4957275390625,642.9010620117188,623.4957275390625,642.6289672851562,239332352,0,0
2021-05-10 23:00:00+01:00,642.9699096679688,644.6969604492188,629.6596069335938,641.21875,81323008,0,0
2021-05-11 00:00:00+01:00,641.2556762695312,641.2556762695312,629.1587524414062,631.8258056640625,19390976,0,0
2021-05-11 01:00:00+01:00,631.2406005859375,642.38330078125,627.5701293945312,630.864501953125,0,0,0
2021-05-11 02:00:00+01:00,629.0342407226562,639.3326416015625,623.2498168945312,638.724365234375,107309056,0,0
2021-05-11 03:00:00+01:00,639.0659790039062,648.5016479492188,631.2214965820312,631.2214965820312,54321152,0,0
2021-05-11 04:00:00+01:00,630.7384033203125,635.5772705078125,626.9815063476562,634.0777587890625,20411904,0,0
2021-05-11 05:00:00+01:00,632.9743041992188,643.5657958984375,632.0808715820312,643.2740478515625,105557504,0,0
2021-05-11 06:00:00+01:00,643.6384887695312,645.3592529296875,633.8262939453125,642.0358276367188,70721536,0,0
2021-05-11 07:00:00+01:00,640.8071899414062,650.90380859375,640.379150390625,649.5527954101562,0,0,0
2021-05-11 08:00:00+01:00,649.904052734375,655.8888549804688,648.1276245117188,655.8888549804688,23562240,0,0
2021-05-11 09:00:00+01:00,656.9190063476562,656.9190063476562,643.7893676757812,647.7691650390625,0,0,0
2021-05-11 10:00:00+01:00,648.2252197265625,659.4393920898438,648.2252197265625,659.167236328125,74814976,0,0
2021-05-11 11:00:00+01:00,659.0560913085938,663.5442504882812,657.697509765625,661.4528198242188,45553152,0,0
2021-05-11 12:00:00+01:00,660.6624145507812,666.2791137695312,653.2598876953125,653.2598876953125,0,0,0
2021-05-11 13:00:00+01:00,655.5479736328125,657.4513549804688,645.5947875976562,654.8842163085938,76504576,0,0
2021-05-11 14:00:00+01:00,656.6715087890625,660.6156005859375,648.3193359375,660.5706787109375,164340224,0,0
2021-05-11 15:00:00+01:00,660.5211791992188,662.1622924804688,656.7357177734375,658.9771728515625,0,0,0
2021-05-11 16:00:00+01:00,658.5862426757812,667.8847045898438,658.5862426757812,666.9701538085938,72108032,0,0
2021-05-11 17:00:00+01:00,667.9579467773438,667.9579467773438,656.5420532226562,660.8060913085938,0,0,0
2021-05-11 18:00:00+01:00,661.4411010742188,663.7744750976562,659.6614990234375,662.7369995117188,2137088,0,0
2021-05-11 19:00:00+01:00,662.140625,670.597412109375,662.140625,666.3527221679688,73200128,0,0
2021-05-11 20:00:00+01:00,665.8101806640625,670.0269165039062,665.6085205078125,669.245361328125,0,0,0
2021-05-11 21:00:00+01:00,668.822265625,671.9247436523438,660.0874633789062,666.4067993164062,0,0,0
2021-05-11 22:00:00+01:00,666.1032104492188,668.329345703125,658.306640625,662.522705078125,0,0,0
2021-05-11 23:00:00+01:00,662.4729614257812,664.3150634765625,659.3998413085938,660.8231811523438,0,0,0
2021-05-12 00:00:00+01:00,660.9558715820312,672.4594116210938,660.9558715820312,672.3339233398438,11834880,0,0
2021-05-12 01:00:00+01:00,671.7788696289062,674.5109252929688,669.1339111328125,671.9578247070312,0,0,0
2021-05-12 02:00:00+01:00,672.6100463867188,674.4482421875,670.5487670898438,672.4330444335938,0,0,0
2021-05-12 03:00:00+01:00,672.631103515625,678.488037109375,670.672119140625,677.0975341796875,0,0,0
2021-05-12 04:00:00+01:00,677.0722045898438,684.1376953125,675.399658203125,684.1239013671875,0,0,0
2021-05-12 05:00:00+01:00,683.1358642578125,684.095458984375,674.6754150390625,678.1658325195312,0,0,0
2021-05-12 06:00:00+01:00,677.2101440429688,679.7735595703125,675.1755981445312,676.6555786132812,0,0,0
2021-05-12 07:00:00+01:00,677.1052856445312,678.7332763671875,667.9697265625,667.9697265625,0,0,0
2021-05-12 08:00:00+01:00,668.9777221679688,672.8273315429688,668.947021484375,670.114013671875,0,0,0
2021-05-12 09:00:00+01:00,670.4951171875,672.5400390625,662.8297729492188,666.8272094726562,0,0,0
2021-05-12 10:00:00+01:00,666.8822021484375,671.7003173828125,666.3136596679688,669.7737426757812,0,0,0
2021-05-12 11:00:00+01:00,668.9805908203125,668.9805908203125,659.5529174804688,659.9293212890625,0,0,0
2021-05-12 12:00:00+01:00,659.2883911132812,665.0156860351562,659.2883911132812,664.8350219726562,0,0,0
2021-05-12 13:00:00+01:00,664.2615356445312,667.926025390625,661.8494873046875,665.5248413085938,0,0,0
2021-05-12 14:00:00+01:00,665.3367919921875,666.3001098632812,656.66748046875,666.3001098632812,0,0,0
2021-05-12 15:00:00+01:00,666.821533203125,668.8824462890625,661.0852661132812,661.0852661132812,0,0,0
2021-05-12 16:00:00+01:00,661.2364501953125,661.8867797851562,650.7810668945312,650.7810668945312,0,0,0
2021-05-12 17:00:00+01:00,649.9451293945312,649.9451293945312,633.2587890625,643.5685424804688,183004928,0,0
2021-05-12 18:00:00+01:00,645.695556640625,650.23681640625,641.2236328125,643.59228515625,63761664,0,0
2021-05-12 19:00:00+01:00,644.0451049804688,645.3021240234375,627.98828125,635.642822265625,37977600,0,0
2021-05-12 20:00:00+01:00,635.0838623046875,642.885009765625,625.510498046875,642.885009765625,160200192,0,0
2021-05-12 21:00:00+01:00,642.7769775390625,645.7975463867188,639.2730102539062,645.7975463867188,0,0,0
2021-05-12 22:00:00+01:00,645.861083984375,650.7964477539062,643.8547973632812,648.1044311523438,0,0,0
2021-05-12 23:00:00+01:00,648.41943359375,650.0726928710938,621.13720703125,637.044189453125,234104320,0,0
2021-05-13 00:00:00+01:00,637.6508178710938,637.6508178710938,594.8594970703125,594.8594970703125,105984512,0,0
2021-05-13 01:00:00+01:00,592.95458984375,614.8903198242188,555.4720458984375,601.0951538085938,856050688,0,0
2021-05-13 02:00:00+01:00,602.1400146484375,621.4086303710938,599.657958984375,615.4431762695312,361239552,0,0
2021-05-13 03:00:00+01:00,617.2693481445312,619.1080932617188,611.2742309570312,611.2742309570312,40088576,0,0
2021-05-13 04:00:00+01:00,610.9968872070312,610.9968872070312,597.4734497070312,605.4202880859375,114931200,0,0
2021-05-13 05:00:00+01:00,607.1771240234375,613.1582641601562,604.9679565429688,607.765380859375,77436928,0,0
2021-05-13 06:00:00+01:00,609.2300415039062,623.9024658203125,609.2300415039062,620.7376098632812,210852352,0,0
2021-05-13 07:00:00+01:00,621.2417602539062,632.0682983398438,621.2417602539062,632.0682983398438,141341184,0,0
2021-05-13 08:00:00+01:00,632.970703125,632.970703125,620.7247314453125,622.9367065429688,0,0,0
2021-05-13 09:00:00+01:00,622.6232299804688,626.3659057617188,602.8203125,604.27294921875,0,0,0
2021-05-13 10:00:00+01:00,603.5571899414062,608.9006958007812,570.8921508789062,575.779296875,66408960,0,0
2021-05-13 11:00:00+01:00,582.1109008789062,595.5902099609375,571.3255004882812,571.6646118164062,256657920,0,0
2021-05-13 12:00:00+01:00,575.5997924804688,592.1851196289062,569.6891479492188,590.1336669921875,400969728,0,0
2021-05-13 13:00:00+01:00,591.044921875,602.5594482421875,585.0340576171875,602.5594482421875,216139264,0,0
2021-05-13 14:00:00+01:00,602.0223388671875,610.98193359375,595.6420288085938,610.98193359375,121631232,0,0
2021-05-13 15:00:00+01:00,609.389404296875,617.1312866210938,604.4395751953125,604.9872436523438,17913856,0,0
2021-05-13 16:00:00+01:00,604.7973022460938,604.8651733398438,591.4951171875,594.6519775390625,0,0,0
2021-05-13 17:00:00+01:00,594.24560546875,606.6181640625,564.117431640625,567.690673828125,0,0,0
2021-05-13 18:00:00+01:00,568.2431030273438,573.5844116210938,530.2382202148438,564.7325439453125,671847424,0,0
2021-05-13 19:00:00+01:00,565.7401123046875,571.226806640625,544.6381225585938,549.8906860351562,2914816,0,0
2021-05-13 20:00:00+01:00,546.8873901367188,561.874755859375,546.8873901367188,551.662109375,118158848,0,0
2021-05-13 21:00:00+01:00,550.8684692382812,563.1661376953125,548.0787353515625,562.482666015625,236421120,0,0
2021-05-13 22:00:00+01:00,563.135986328125,568.08154296875,558.6390380859375,563.3199462890625,54169088,0,0
2021-05-13 23:00:00+01:00,563.8461303710938,574.1952514648438,560.3868408203125,560.3868408203125,0,0,0
2021-05-14 00:00:00+01:00,558.5392456054688,571.7931518554688,550.929443359375,571.4345092773438,0,0,0
2021-05-14 01:00:00+01:00,570.9605102539062,584.255615234375,567.0347290039062,581.9082641601562,0,0,0
2021-05-14 02:00:00+01:00,583.1615600585938,590.8088989257812,580.1127319335938,588.6149291992188,0,0,0
2021-05-14 03:00:00+01:00,587.8641967773438,588.7815551757812,574.0149536132812,574.0149536132812,0,0,0
2021-05-14 04:00:00+01:00,573.9144897460938,578.9916381835938,572.9419555664062,572.9419555664062,0,0,0
2021-05-14 05:00:00+01:00,576.3250122070312,582.715576171875,571.2976684570312,576.51171875,0,0,0
2021-05-14 06:00:00+01:00,578.4995727539062,588.1917114257812,575.2471313476562,587.085205078125,26936320,0,0
2021-05-14 07:00:00+01:00,587.7098999023438,587.86962890625,574.6327514648438,579.2095947265625,0,0,0
2021-05-14 08:00:00+01:00,579.3726806640625,598.31494140625,579.3726806640625,598.1571655273438,265495552,0,0
2021-05-14 09:00:00+01:00,597.5741577148438,604.0884399414062,595.257568359375,603.3142700195312,0,0,0
2021-05-14 10:00:00+01:00,603.5512084960938,607.859375,601.1470947265625,603.5457763671875,0,0,0
2021-05-14 11:00:00+01:00,603.1683959960938,608.7474365234375,598.7805786132812,608.646240234375,0,0,0
2021-05-14 12:00:00+01:00,608.2870483398438,611.6599731445312,604.0999145507812,606.8807373046875,0,0,0
2021-05-14 13:00:00+01:00,609.0485229492188,609.0485229492188,600.5677490234375,605.2078857421875,0,0,0
2021-05-14 14:00:00+01:00,605.5108642578125,609.87158203125,596.7640991210938,609.6111450195312,13902848,0,0
2021-05-14 15:00:00+01:00,609.2467651367188,609.2467651367188,602.503173828125,606.9995727539062,0,0,0
2021-05-14 16:00:00+01:00,606.9949340820312,613.900634765625,606.9949340820312,612.4681396484375,34220544,0,0
2021-05-14 17:00:00+01:00,612.1359252929688,614.1968994140625,601.98583984375,606.5494995117188,0,0,0
2021-05-14 18:00:00+01:00,606.9078979492188,609.4662475585938,602.9649658203125,602.9649658203125,0,0,0
2021-05-14 19:00:00+01:00,602.9075927734375,609.0650024414062,602.5805053710938,604.1002197265625,0,0,0
2021-05-14 20:00:00+01:00,605.8739013671875,605.8739013671875,597.6187744140625,600.2477416992188,0,0,0
2021-05-14 21:00:00+01:00,598.6848754882812,602.714111328125,587.313720703125,589.1190185546875,0,0,0
2021-05-14 22:00:00+01:00,586.9741821289062,598.78759765625,586.5086669921875,598.6466064453125,38671616,0,0
2021-05-14 23:00:00+01:00,598.1099853515625,602.886474609375,594.8870849609375,599.9624633789062,0,0,0
2021-05-15 00:00:00+01:00,601.0487670898438,604.737548828125,599.6580200195312,603.1282958984375,0,0,0
2021-05-15 01:00:00+01:00,602.5543823242188,608.4707641601562,595.8639526367188,596.3860473632812,0,0,0
2021-05-15 02:00:00+01:00,597.74365234375,608.3762817382812,596.7842407226562,606.1002807617188,0,0,0
2021-05-15 03:00:00+01:00,606.2940063476562,610.51416015625,605.3555297851562,607.1571044921875,0,0,0
2021-05-15 04:00:00+01:00,607.7799072265625,607.7799072265625,602.6226806640625,602.7272338867188,0,0,0
2021-05-15 05:00:00+01:00,602.863525390625,604.4063720703125,594.8036499023438,594.8036499023438,0,0,0
2021-05-15 06:00:00+01:00,595.946533203125,599.7564086914062,592.7543334960938,598.2763671875,988928,0,0
2021-05-15 07:00:00+01:00,598.364013671875,598.364013671875,584.5326538085938,588.3112182617188,0,0,0
2021-05-15 08:00:00+01:00,589.1640014648438,589.6212158203125,580.1592407226562,582.0907592773438,0,0,0
2021-05-15 09:00:00+01:00,581.8886108398438,587.9282836914062,579.0618896484375,584.6604614257812,27299584,0,0
2021-05-15 10:00:00+01:00,585.4481201171875,590.8256225585938,581.8590698242188,587.4996337890625,0,0,0
2021-05-15 11:00:00+01:00,586.9087524414062,586.9087524414062,574.8819580078125,582.722900390625,1237248,0,0
2021-05-15 12:00:00+01:00,582.0067138671875,587.117919921875,580.8792114257812,587.0846557617188,0,0,0
2021-05-15 13:00:00+01:00,587.1853637695312,593.251220703125,583.5866088867188,590.0989990234375,37999616,0,0
2021-05-15 14:00:00+01:00,590.8466186523438,592.47021484375,585.5409545898438,586.9807739257812,0,0,0
2021-05-15 15:00:00+01:00,587.4844970703125,592.55322265625,582.3934936523438,590.97998046875,57902080,0,0
2021-05-15 16:00:00+01:00,591.3413696289062,592.1035766601562,583.9747924804688,586.3299560546875,0,0,0
2021-05-15 17:00:00+01:00,585.9424438476562,585.9424438476562,572.5554809570312,575.2024536132812,13202688,0,0
2021-05-15 18:00:00+01:00,574.8959350585938,577.2679443359375,568.6484375,571.7141723632812,54865408,0,0
2021-05-15 19:00:00+01:00,571.3300170898438,576.0632934570312,568.29833984375,574.14111328125,48229632,0,0
2021-05-15 20:00:00+01:00,572.55126953125,574.4183959960938,561.1683959960938,571.232666015625,59642368,0,0
2021-05-15 21:00:00+01:00,573.1506958007812,579.6347045898438,573.1506958007812,577.6323852539062,2207488,0,0
2021-05-15 22:00:00+01:00,577.6643676757812,582.6783447265625,577.6643676757812,582.0692749023438,0,0,0
2021-05-15 23:00:00+01:00,581.8762817382812,583.5311889648438,571.2864990234375,573.765869140625,0,0,0
2021-05-16 00:00:00+01:00,573.8110961914062,573.8110961914062,562.8451538085938,563.0416870117188,5104128,0,0
2021-05-16 01:00:00+01:00,562.64892578125,577.3501586914062,562.64892578125,570.374267578125,74066688,0,0
2021-05-16 02:00:00+01:00,570.6123046875,579.4537353515625,570.6123046875,578.9193115234375,43288320,0,0
2021-05-16 03:00:00+01:00,579.9669189453125,581.7484130859375,577.0270385742188,581.7484130859375,0,0,0
2021-05-16 04:00:00+01:00,580.598876953125,584.033203125,576.2030029296875,577.9706420898438,0,0,0
2021-05-16 05:00:00+01:00,578.7947998046875,580.2671508789062,573.6747436523438,574.2269287109375,0,0,0
2021-05-16 06:00:00+01:00,574.0418701171875,576.2518920898438,572.423095703125,575.3108520507812,0,0,0
2021-05-16 07:00:00+01:00,574.2283325195312,585.917236328125,573.6384887695312,584.4912719726562,21789696,0,0
2021-05-16 08:00:00+01:00,584.3817749023438,590.7083129882812,582.2752685546875,590.7083129882812,5667840,0,0
2021-05-16 09:00:00+01:00,592.1827392578125,593.3407592773438,586.2640991210938,590.7931518554688,2338048,0,0
2021-05-16 10:00:00+01:00,590.9623413085938,602.9155883789062,590.46923828125,599.9227905273438,145079552,0,0
2021-05-16 11:00:00+01:00,600.4293823242188,606.00341796875,600.4293823242188,604.690673828125,0,0,0
2021-05-16 12:00:00+01:00,604.6748657226562,605.8436279296875,597.3525390625,599.03173828125,0,0,0
2021-05-16 13:00:00+01:00,599.67578125,600.4873046875,589.6813354492188,589.9053955078125,39760896,0,0
2021-05-16 14:00:00+01:00,590.33544921875,594.0787353515625,589.484375,592.9844360351562,0,0,0
2021-05-16 15:00:00+01:00,591.0685424804688,594.1807861328125,581.5841674804688,583.9637451171875,0,0,0
2021-05-16 16:00:00+01:00,582.55322265625,582.55322265625,572.4822387695312,572.4822387695312,11671808,0,0
2021-05-16 17:00:00+01:00,572.13330078125,578.0606079101562,567.6458129882812,573.1082763671875,0,0,0
2021-05-16 18:00:00+01:00,573.2213134765625,575.1459350585938,561.341064453125,574.13818359375,63652352,0,0
2021-05-16 19:00:00+01:00,571.228515625,574.7647094726562,559.618408203125,559.618408203125,0,0,0
2021-05-16 20:00:00+01:00,558.7007446289062,561.5372924804688,543.8199462890625,549.3549194335938,108698624,0,0
2021-05-16 21:00:00+01:00,550.1454467773438,555.2131958007812,535.9615478515625,537.1448974609375,102070016,0,0
2021-05-16 22:00:00+01:00,537.3515625,552.0982055664062,535.3890991210938,548.0887451171875,220744448,0,0
2021-05-16 23:00:00+01:00,549.4039306640625,557.0707397460938,549.4039306640625,550.9871215820312,76407040,0,0
2021-05-17 00:00:00+01:00,550.1966552734375,563.3300170898438,548.6325073242188,562.829833984375,73440768,0,0
2021-05-17 01:00:00+01:00,562.628173828125,562.7244262695312,547.735595703125,547.735595703125,0,0,0
2021-05-17 02:00:00+01:00,547.69970703125,547.69970703125,538.2469482421875,538.2469482421875,13446912,0,0
2021-05-17 03:00:00+01:00,540.9222412109375,545.9398803710938,535.1693725585938,537.4050903320312,65928960,0,0
2021-05-17 04:00:00+01:00,537.09521484375,538.583984375,502.3888854980469,511.440185546875,228642304,0,0
2021-05-17 05:00:00+01:00,507.35894775390625,515.1298828125,485.9970703125,515.1298828125,530376192,0,0
2021-05-17 06:00:00+01:00,515.5151977539062,517.7969970703125,494.4144287109375,505.0138244628906,139732992,0,0
2021-05-17 07:00:00+01:00,508.6886291503906,530.1934814453125,508.6886291503906,521.853759765625,402715136,0,0
2021-05-17 08:00:00+01:00,522.0897216796875,538.217041015625,521.8866577148438,538.217041015625,228413440,0,0
2021-05-17 09:00:00+01:00,537.7122802734375,540.6154174804688,530.712158203125,537.654541015625,23157760,0,0
2021-05-17 10:00:00+01:00,537.7839965820312,540.800537109375,531.6265869140625,539.0980834960938,0,0,0
2021-05-17 11:00:00+01:00,540.2606811523438,542.332763671875,525.0811157226562,525.931396484375,0,0,0
2021-05-17 12:00:00+01:00,525.246826171875,539.321044921875,523.8886108398438,539.0818481445312,185221632,0,0
2021-05-17 13:00:00+01:00,538.8839111328125,539.6991577148438,531.0807495117188,536.2338256835938,0,0,0
2021-05-17 14:00:00+01:00,534.8802490234375,536.6171264648438,526.4796752929688,531.4923095703125,0,0,0
2021-05-17 15:00:00+01:00,531.9051513671875,533.236083984375,514.0420532226562,522.216796875,0,0,0
2021-05-17 16:00:00+01:00,521.6895141601562,525.1123657226562,503.7646484375,503.7646484375,0,0,0
2021-05-17 17:00:00+01:00,505.76080322265625,510.1697998046875,500.7615051269531,501.43756103515625,30556672,0,0
2021-05-17 18:00:00+01:00,500.4070129394531,505.2716979980469,493.0187072753906,503.5820007324219,81059328,0,0
2021-05-17 19:00:00+01:00,501.31732177734375,516.6520385742188,497.9423828125,513.98291015625,100510720,0,0
2021-05-17 20:00:00+01:00,515.2046508789062,519.5205078125,515.2046508789062,519.5205078125,0,0,0
2021-05-17 21:00:00+01:00,518.3856201171875,527.5638427734375,518.3856201171875,526.5806274414062,0,0,0
2021-05-17 22:00:00+01:00,526.4019775390625,526.4019775390625,511.0086364746094,511.5386657714844,0,0,0
2021-05-17 23:00:00+01:00,512.0805053710938,522.4459838867188,501.6704406738281,504.3746337890625,0,0,0
2021-05-18 00:00:00+01:00,504.5226745605469,515.1346435546875,502.19940185546875,511.9643859863281,95281664,0,0
2021-05-18 01:00:00+01:00,514.293212890625,525.2168579101562,508.3733825683594,523.667236328125,152891392,0,0
2021-05-18 02:00:00+01:00,524.0093994140625,524.8004760742188,517.6428833007812,519.4718017578125,0,0,0
2021-05-18 03:00:00+01:00,519.8006591796875,521.7164916992188,512.8704833984375,521.3582153320312,0,0,0
2021-05-18 04:00:00+01:00,522.1942749023438,527.1798706054688,520.6080932617188,522.9522705078125,0,0,0
2021-05-18 05:00:00+01:00,523.3374633789062,529.1646118164062,523.3374633789062,529.0614013671875,0,0,0
2021-05-18 06:00:00+01:00,528.9884033203125,531.4595947265625,526.4877319335938,530.54248046875,0,0,0
2021-05-18 07:00:00+01:00,530.45654296875,534.1778564453125,522.9577026367188,524.3883056640625,0,0,0
2021-05-18 08:00:00+01:00,524.2492065429688,527.1001586914062,523.5517578125,525.7785034179688,0,0,0
2021-05-18 09:00:00+01:00,525.933349609375,528.0161743164062,522.6535034179688,525.8909912109375,0,0,0
2021-05-18 10:00:00+01:00,525.0938720703125,525.0938720703125,518.6447143554688,523.1383666992188,0,0,0
2021-05-18 11:00:00+01:00,521.9237060546875,529.3658447265625,519.8221435546875,527.045654296875,21977600,0,0
2021-05-18 12:00:00+01:00,527.1210327148438,534.0469360351562,524.7763671875,530.2630615234375,0,0,0
2021-05-18 13:00:00+01:00,530.2904052734375,530.2904052734375,511.76654052734375,514.6973266601562,0,0,0
2021-05-18 14:00:00+01:00,514.982666015625,516.0000610351562,505.47613525390625,509.5640563964844,0,0,0
2021-05-18 15:00:00+01:00,508.6091003417969,508.6091003417969,496.9785461425781,505.85418701171875,36635136,0,0
2021-05-18 16:00:00+01:00,505.203857421875,511.1318664550781,501.2935485839844,505.8998107910156,0,0,0
2021-05-18 17:00:00+01:00,503.89910888671875,519.4346923828125,501.589111328125,518.7484130859375,123088384,0,0
2021-05-18 18:00:00+01:00,520.068603515625,522.20166015625,516.5359497070312,516.76025390625,0,0,0
2021-05-18 19:00:00+01:00,515.6124267578125,515.6124267578125,508.05279541015625,512.0275268554688,0,0,0
2021-05-18 20:00:00+01:00,512.6498413085938,516.5523071289062,508.5008239746094,513.1559448242188,45023488,0,0
2021-05-18 21:00:00+01:00,512.3848266601562,515.0416259765625,508.3334655761719,512.2125244140625,33304064,0,0
2021-05-18 22:00:00+01:00,511.756103515625,514.625244140625,507.3158264160156,510.06719970703125,0,0,0
2021-05-18 23:00:00+01:00,511.4068908691406,512.6871948242188,506.4251403808594,506.4379577636719,0,0,0
2021-05-19 00:00:00+01:00,506.261962890625,511.1199035644531,501.8690185546875,508.0223083496094,0,0,0
2021-05-19 01:00:00+01:00,509.5503845214844,515.716552734375,504.8528747558594,506.0498352050781,0,0,0
2021-05-19 02:00:00+01:00,505.3116455078125,505.3116455078125,475.1556091308594,479.3150329589844,0,0,0
2021-05-19 03:00:00+01:00,481.505859375,484.4588928222656,465.0048828125,465.0593566894531,214449152,0,0
2021-05-19 04:00:00+01:00,461.10137939453125,467.1009521484375,453.25396728515625,453.3568115234375,364087296,0,0
2021-05-19 05:00:00+01:00,451.9067687988281,459.6851501464844,408.3077087402344,409.36553955078125,556826880,0,0
2021-05-19 05:58:08+01:00,416.0124816894531,416.0124816894531,416.0124816894531,416.0124816894531,0,0,0
